image,id,name,xMin,xMax,yMin,yMax
mixed_1.jpg,1,seat,50,261,11,205
mixed_1.jpg,2,piece1,73,253,236,273
mixed_1.jpg,3,piece1,74,280,328,372
mixed_10.jpg,1,seat,2,235,12,251
mixed_10.jpg,2,piece2,220,370,95,218
mixed_10.jpg,3,piece1,63,255,248,308
mixed_10.jpg,4,piece1,65,269,300,357
mixed_100.jpg,1,conjoinedPiece3,54,345,118,339
mixed_101.jpg,1,conjoinedPiece3,25,384,122,367
mixed_102.jpg,1,conjoinedPiece3,49,384,140,365
mixed_103.jpg,1,conjoinedPiece3,0,295,163,328
mixed_104.jpg,1,conjoinedPiece3,16,346,139,369
mixed_105.jpg,1,conjoinedPiece3,61,389,90,336
mixed_106.jpg,1,conjoinedPiece3,77,352,62,311
mixed_107.jpg,1,conjoinedPiece3,16,415,106,414
mixed_108.jpg,1,conjoinedPiece3,1,378,74,384
mixed_109.jpg,1,conjoinedPiece3,93,363,85,285
mixed_11.jpg,1,seat,0,279,39,281
mixed_11.jpg,2,piece2,186,376,96,209
mixed_11.jpg,3,piece1,172,323,244,358
mixed_11.jpg,4,piece1,208,370,286,405
mixed_110.jpg,1,conjoinedPiece3,55,371,49,290
mixed_111.jpg,1,conjoinedPiece3,42,332,140,392
mixed_112.jpg,1,conjoinedPiece3,51,350,157,406
mixed_113.jpg,1,conjoinedPiece3,61,371,136,402
mixed_114.jpg,1,conjoinedPiece3,54,338,120,389
mixed_115.jpg,1,conjoinedPiece3,20,273,151,362
mixed_116.jpg,1,conjoinedPiece3,4,270,154,372
mixed_117.jpg,1,conjoinedPiece3,0,361,21,317
mixed_118.jpg,1,conjoinedPiece3,1,399,1,315
mixed_119.jpg,1,conjoinedPiece3,11,409,16,323
mixed_12.jpg,1,seat,1,315,176,340
mixed_12.jpg,2,piece2,89,255,96,172
mixed_12.jpg,3,piece2,222,367,52,129
mixed_12.jpg,4,piece1,299,383,154,254
mixed_12.jpg,5,piece1,350,416,149,239
mixed_120.jpg,1,conjoinedPiece3,56,415,15,319
mixed_121.jpg,1,conjoinedPiece3,1,367,19,303
mixed_122.jpg,1,conjoinedPiece3,24,415,26,322
mixed_123.jpg,1,conjoinedPiece3,0,399,36,404
mixed_124.jpg,1,conjoinedPiece3,0,377,0,351
mixed_125.jpg,1,conjoinedPiece3,0,415,39,356
mixed_126.jpg,1,conjoinedPiece3,1,407,20,313
mixed_127.jpg,1,conjoinedPiece3,33,415,61,323
mixed_128.jpg,1,conjoinedPiece3,21,415,81,301
mixed_129.jpg,1,conjoinedPiece3,0,415,86,336
mixed_13.jpg,1,piece2,80,219,63,118
mixed_13.jpg,2,piece2,49,174,120,233
mixed_13.jpg,3,piece1,232,366,84,110
mixed_13.jpg,4,piece1,206,340,110,137
mixed_13.jpg,5,seat,44,351,154,340
mixed_130.jpg,1,conjoinedPiece3,63,300,125,312
mixed_131.jpg,1,conjoinedPiece3,65,346,131,332
mixed_132.jpg,1,conjoinedPiece3,89,396,159,355
mixed_133.jpg,1,conjoinedPiece3,59,370,173,355
mixed_134.jpg,1,conjoinedPiece3,25,345,174,355
mixed_135.jpg,1,conjoinedPiece3,1,295,155,342
mixed_135.jpg,2,seat,171,356,32,173
mixed_136.jpg,1,seat,140,298,43,182
mixed_136.jpg,2,conjoinedPiece3,13,314,197,373
mixed_137.jpg,1,conjoinedPiece3,53,364,204,377
mixed_137.jpg,2,seat,147,303,45,185
mixed_138.jpg,1,seat,88,266,16,174
mixed_138.jpg,2,conjoinedPiece3,83,402,177,381
mixed_139.jpg,1,conjoinedPiece3,131,374,124,315
mixed_14.jpg,1,seat,4,228,72,304
mixed_14.jpg,2,piece2,143,279,89,184
mixed_14.jpg,3,piece2,285,351,118,221
mixed_14.jpg,4,piece1,241,282,206,303
mixed_14.jpg,5,piece1,273,314,228,322
mixed_140.jpg,1,conjoinedPiece3,49,383,93,353
mixed_141.jpg,1,conjoinedPiece3,27,336,128,375
mixed_142.jpg,1,conjoinedPiece3,86,402,125,394
mixed_143.jpg,1,conjoinedPiece3,89,362,124,367
mixed_144.jpg,1,conjoinedPiece3,120,333,108,313
mixed_145.jpg,1,conjoinedPiece3,92,377,155,377
mixed_146.jpg,1,conjoinedPiece3,95,378,134,358
mixed_147.jpg,1,conjoinedPiece3,24,386,147,397
mixed_148.jpg,1,seat,111,345,153,394
mixed_149.jpg,1,seat,127,366,141,379
mixed_15.jpg,1,seat,88,326,179,414
mixed_15.jpg,2,piece2,33,214,60,190
mixed_15.jpg,3,piece2,128,296,1,99
mixed_15.jpg,4,piece1,251,341,135,230
mixed_15.jpg,5,piece1,288,369,124,216
mixed_150.jpg,1,conjoinedPiece3,24,410,170,383
mixed_151.jpg,1,conjoinedPiece3,23,412,167,404
mixed_151.jpg,2,seat,47,230,32,173
mixed_152.jpg,1,conjoinedPiece3,1,408,120,414
mixed_153.jpg,1,conjoinedPiece3,26,408,42,318
mixed_154.jpg,1,conjoinedPiece3,78,289,68,348
mixed_155.jpg,1,conjoinedPiece3,47,246,47,320
mixed_156.jpg,1,conjoinedPiece3,68,279,51,330
mixed_157.jpg,1,conjoinedPiece3,17,310,31,313
mixed_158.jpg,1,conjoinedPiece3,84,358,73,341
mixed_159.jpg,1,conjoinedPiece3,124,415,49,338
mixed_16.jpg,1,seat,208,415,87,212
mixed_16.jpg,2,piece1,101,183,35,93
mixed_16.jpg,3,piece1,139,208,61,125
mixed_16.jpg,4,piece2,0,117,75,241
mixed_16.jpg,5,piece2,118,276,156,269
mixed_160.jpg,1,conjoinedPiece3,28,313,43,332
mixed_161.jpg,1,conjoinedPiece3,38,415,126,367
mixed_162.jpg,1,conjoinedPiece3,2,414,77,285
mixed_163.jpg,1,conjoinedPiece3,23,397,58,255
mixed_164.jpg,1,conjoinedPiece3,18,240,144,365
mixed_164.jpg,2,seat,211,381,68,229
mixed_165.jpg,1,conjoinedPiece3,46,275,142,357
mixed_165.jpg,2,seat,221,399,53,217
mixed_166.jpg,1,seat,159,323,29,176
mixed_166.jpg,2,conjoinedPiece3,21,361,180,364
mixed_167.jpg,1,seat,112,293,17,175
mixed_167.jpg,2,conjoinedPiece3,34,384,162,366
mixed_168.jpg,1,conjoinedPiece2,39,186,62,291
mixed_168.jpg,2,piece2,247,390,149,293
mixed_169.jpg,1,conjoinedPiece2,60,210,72,320
mixed_169.jpg,2,piece2,224,396,145,281
mixed_17.jpg,1,seat,140,353,57,180
mixed_17.jpg,2,piece1,73,100,127,203
mixed_17.jpg,3,piece1,26,47,126,200
mixed_17.jpg,4,piece2,137,313,205,282
mixed_17.jpg,5,piece2,1,156,219,372
mixed_170.jpg,1,conjoinedPiece2,44,199,46,303
mixed_170.jpg,2,piece2,221,391,126,270
mixed_171.jpg,1,piece2,61,263,106,195
mixed_171.jpg,2,conjoinedPiece2,42,344,207,336
mixed_172.jpg,1,conjoinedPiece2,87,228,91,303
mixed_173.jpg,1,conjoinedPiece2,70,247,112,320
mixed_174.jpg,1,conjoinedPiece2,43,294,143,336
mixed_175.jpg,1,conjoinedPiece2,66,329,197,382
mixed_175.jpg,2,piece2,78,223,80,173
mixed_176.jpg,1,conjoinedPiece2,118,304,22,346
mixed_177.jpg,1,conjoinedPiece2,158,295,59,341
mixed_178.jpg,1,conjoinedPiece2,134,345,39,336
mixed_179.jpg,1,conjoinedPiece2,56,386,73,301
mixed_18.jpg,1,piece2,72,276,0,173
mixed_18.jpg,2,piece2,1,237,170,318
mixed_180.jpg,1,conjoinedPiece2,76,323,219,389
mixed_181.jpg,1,conjoinedPiece2,121,403,52,248
mixed_182.jpg,1,conjoinedPiece2,59,355,19,222
mixed_183.jpg,1,seat,245,414,107,265
mixed_183.jpg,2,conjoinedPiece2,10,203,155,292
mixed_184.jpg,1,conjoinedPiece2,0,175,139,288
mixed_184.jpg,2,seat,230,396,122,276
mixed_184.jpg,3,piece2,161,402,329,415
mixed_185.jpg,1,conjoinedPiece2,2,189,70,216
mixed_185.jpg,2,seat,240,411,39,200
mixed_185.jpg,3,piece2,181,398,253,394
mixed_186.jpg,1,conjoinedPiece2,80,229,78,293
mixed_187.jpg,1,conjoinedPiece2,89,254,102,327
mixed_188.jpg,1,conjoinedPiece2,37,307,160,301
mixed_189.jpg,1,conjoinedPiece2,97,386,162,354
mixed_19.jpg,1,piece1,65,207,78,173
mixed_19.jpg,2,piece1,14,144,100,203
mixed_19.jpg,3,piece2,135,415,208,398
mixed_190.jpg,1,conjoinedPiece2,111,244,40,275
mixed_191.jpg,1,conjoinedPiece2,122,257,116,356
mixed_192.jpg,1,conjoinedPiece2,108,285,50,313
mixed_193.jpg,1,conjoinedPiece2,81,303,59,319
mixed_194.jpg,1,conjoinedPiece2,51,332,123,327
mixed_195.jpg,1,conjoinedPiece2,76,316,203,359
mixed_196.jpg,1,conjoinedPiece2,57,330,30,232
mixed_197.jpg,1,conjoinedPiece2,61,351,70,293
mixed_198.jpg,1,conjoinedPiece2,36,299,42,315
mixed_199.jpg,1,conjoinedPiece2,102,282,11,273
mixed_2.jpg,1,piece2,229,377,21,132
mixed_2.jpg,2,piece1,261,298,222,376
mixed_2.jpg,3,piece1,128,181,213,356
mixed_2.jpg,4,piece2,0,97,37,115
mixed_20.jpg,1,piece1,45,219,102,205
mixed_20.jpg,2,piece1,118,252,200,344
mixed_20.jpg,3,piece2,274,414,2,159
mixed_200.jpg,1,conjoinedPiece2,141,295,35,289
mixed_201.jpg,1,conjoinedPiece2,125,282,53,289
mixed_202.jpg,1,conjoinedPiece2,105,270,46,295
mixed_203.jpg,1,conjoinedPiece2,158,351,27,317
mixed_204.jpg,1,conjoinedPiece2,62,219,31,277
mixed_205.jpg,1,conjoinedPiece2,60,249,59,304
mixed_206.jpg,1,conjoinedPiece2,103,271,61,331
mixed_207.jpg,1,conjoinedPiece2,105,286,55,345
mixed_208.jpg,1,conjoinedPiece2,69,355,188,409
mixed_209.jpg,1,conjoinedPiece2,85,344,134,307
mixed_21.jpg,1,piece2,223,389,53,200
mixed_21.jpg,2,piece2,32,238,4,118
mixed_21.jpg,3,piece1,18,181,157,271
mixed_21.jpg,4,piece1,94,254,258,400
mixed_210.jpg,1,conjoinedPiece2,142,311,76,329
mixed_211.jpg,1,conjoinedPiece2,193,389,79,328
mixed_212.jpg,1,conjoinedPiece2,92,262,21,310
mixed_213.jpg,1,conjoinedPiece2,6,221,30,330
mixed_214.jpg,1,conjoinedPiece2,51,289,48,354
mixed_215.jpg,1,conjoinedPiece2,65,323,66,315
mixed_216.jpg,1,conjoinedPiece2,30,385,90,285
mixed_217.jpg,1,conjoinedPiece2,12,391,93,317
mixed_218.jpg,1,conjoinedPiece2,58,327,232,381
mixed_219.jpg,1,conjoinedPiece2,91,405,92,345
mixed_22.jpg,1,piece2,244,415,93,203
mixed_22.jpg,2,piece1,154,339,237,323
mixed_22.jpg,3,seat,1,258,25,263
mixed_23.jpg,1,seat,26,194,64,219
mixed_23.jpg,2,piece1,30,192,243,256
mixed_23.jpg,3,piece1,16,188,278,292
mixed_23.jpg,4,piece2,213,369,138,200
mixed_23.jpg,5,piece2,217,401,204,283
mixed_24.jpg,1,conjoinedPiece1,114,320,129,247
mixed_25.jpg,1,conjoinedPiece1,136,343,114,234
mixed_26.jpg,1,conjoinedPiece1,95,313,135,293
mixed_27.jpg,1,conjoinedPiece1,126,313,93,296
mixed_28.jpg,1,conjoinedPiece1,91,273,98,305
mixed_29.jpg,1,conjoinedPiece1,135,278,90,295
mixed_3.jpg,1,piece2,258,366,36,122
mixed_3.jpg,2,seat,1,299,87,315
mixed_3.jpg,3,piece1,244,371,270,404
mixed_30.jpg,1,conjoinedPiece1,107,251,96,324
mixed_31.jpg,1,conjoinedPiece1,60,268,48,289
mixed_32.jpg,1,conjoinedPiece1,160,385,168,358
mixed_32.jpg,2,piece2,108,223,102,185
mixed_32.jpg,3,seat,56,258,37,148
mixed_33.jpg,1,conjoinedPiece1,124,345,141,327
mixed_33.jpg,2,piece2,74,200,71,155
mixed_33.jpg,3,seat,20,236,1,118
mixed_34.jpg,1,conjoinedPiece1,76,293,92,282
mixed_34.jpg,2,piece2,23,154,24,114
mixed_35.jpg,1,conjoinedPiece1,68,283,81,246
mixed_36.jpg,1,conjoinedPiece1,93,304,40,210
mixed_37.jpg,1,conjoinedPiece1,98,284,112,267
mixed_38.jpg,1,conjoinedPiece1,137,312,156,307
mixed_39.jpg,1,conjoinedPiece1,188,360,217,366
mixed_4.jpg,1,piece2,128,375,221,359
mixed_4.jpg,2,seat,27,224,22,190
mixed_40.jpg,1,conjoinedPiece1,120,285,158,310
mixed_41.jpg,1,conjoinedPiece1,29,213,104,263
mixed_42.jpg,1,conjoinedPiece1,19,358,51,396
mixed_43.jpg,1,conjoinedPiece1,43,415,36,408
mixed_44.jpg,1,conjoinedPiece1,33,368,0,327
mixed_45.jpg,1,conjoinedPiece1,90,366,25,378
mixed_46.jpg,1,conjoinedPiece1,109,414,20,399
mixed_47.jpg,1,conjoinedPiece1,70,365,18,398
mixed_48.jpg,1,conjoinedPiece1,4,358,46,388
mixed_49.jpg,1,conjoinedPiece1,84,415,53,377
mixed_5.jpg,1,seat,157,392,27,165
mixed_5.jpg,2,piece1,91,154,56,119
mixed_5.jpg,3,piece1,13,85,43,101
mixed_5.jpg,4,piece2,118,289,233,401
mixed_50.jpg,1,conjoinedPiece1,35,366,135,320
mixed_51.jpg,1,conjoinedPiece1,14,388,90,366
mixed_52.jpg,1,conjoinedPiece1,25,332,149,366
mixed_53.jpg,1,conjoinedPiece1,1,345,49,294
mixed_54.jpg,1,conjoinedPiece1,129,332,59,224
mixed_55.jpg,1,conjoinedPiece1,136,331,81,271
mixed_56.jpg,1,conjoinedPiece1,127,330,107,278
mixed_57.jpg,1,conjoinedPiece1,116,383,102,255
mixed_58.jpg,1,conjoinedPiece1,94,363,115,248
mixed_58.jpg,2,piece1,196,333,79,100
mixed_58.jpg,3,piece2,144,293,17,99
mixed_59.jpg,1,conjoinedPiece1,126,369,99,251
mixed_59.jpg,2,piece1,170,306,60,73
mixed_59.jpg,3,piece2,102,262,2,90
mixed_6.jpg,1,piece1,276,364,44,88
mixed_6.jpg,2,piece1,339,416,70,120
mixed_6.jpg,3,piece2,39,204,114,190
mixed_6.jpg,4,piece2,289,415,244,414
mixed_60.jpg,1,conjoinedPiece1,42,249,70,257
mixed_61.jpg,1,conjoinedPiece1,12,329,57,309
mixed_62.jpg,1,conjoinedPiece1,0,385,30,313
mixed_63.jpg,1,conjoinedPiece1,164,390,60,191
mixed_63.jpg,2,piece1,12,80,124,227
mixed_64.jpg,1,conjoinedPiece1,51,267,200,333
mixed_65.jpg,1,conjoinedPiece1,50,272,93,219
mixed_66.jpg,1,conjoinedPiece1,91,411,99,289
mixed_67.jpg,1,conjoinedPiece1,14,400,128,379
mixed_68.jpg,1,conjoinedPiece1,1,360,71,370
mixed_69.jpg,1,conjoinedPiece2,18,384,128,354
mixed_7.jpg,1,piece1,89,303,336,375
mixed_7.jpg,2,piece1,96,295,279,322
mixed_7.jpg,3,seat,74,294,42,256
mixed_7.jpg,4,piece2,282,415,117,243
mixed_70.jpg,1,conjoinedPiece2,133,328,111,353
mixed_71.jpg,1,conjoinedPiece2,98,288,95,334
mixed_72.jpg,1,conjoinedPiece2,35,235,70,305
mixed_73.jpg,1,conjoinedPiece2,127,276,32,284
mixed_74.jpg,1,conjoinedPiece2,178,352,63,316
mixed_75.jpg,1,conjoinedPiece2,143,339,103,340
mixed_76.jpg,1,conjoinedPiece2,97,337,160,406
mixed_77.jpg,1,conjoinedPiece2,118,393,159,367
mixed_78.jpg,1,conjoinedPiece2,40,355,69,294
mixed_79.jpg,1,conjoinedPiece2,0,307,70,249
mixed_8.jpg,1,piece2,191,380,159,323
mixed_8.jpg,2,piece1,13,137,197,277
mixed_8.jpg,3,piece1,0,82,237,311
mixed_8.jpg,4,seat,66,335,15,250
mixed_80.jpg,1,conjoinedPiece2,90,399,34,307
mixed_81.jpg,1,conjoinedPiece2,25,247,116,359
mixed_81.jpg,2,piece2,74,236,67,169
mixed_81.jpg,3,seat,31,283,0,139
mixed_82.jpg,1,piece2,126,294,47,138
mixed_82.jpg,2,conjoinedPiece2,58,274,85,344
mixed_83.jpg,1,conjoinedPiece2,117,303,33,309
mixed_83.jpg,2,piece2,228,415,36,108
mixed_84.jpg,1,conjoinedPiece2,140,313,40,307
mixed_85.jpg,1,conjoinedPiece2,135,277,77,335
mixed_86.jpg,1,conjoinedPiece2,82,237,100,363
mixed_87.jpg,1,conjoinedPiece2,86,280,96,349
mixed_88.jpg,1,conjoinedPiece2,84,352,17,371
mixed_9.jpg,1,piece2,196,393,164,324
mixed_9.jpg,2,piece2,80,241,102,217
mixed_9.jpg,3,piece1,1,136,255,322
mixed_9.jpg,4,piece1,0,156,307,379
mixed_90.jpg,1,conjoinedPiece2,199,401,0,378
mixed_91.jpg,1,conjoinedPiece2,12,415,90,342
mixed_92.jpg,1,conjoinedPiece2,2,405,115,394
mixed_93.jpg,1,conjoinedPiece2,26,323,117,296
mixed_94.jpg,1,conjoinedPiece2,107,345,91,361
mixed_95.jpg,1,conjoinedPiece2,115,361,7,340
mixed_96.jpg,1,conjoinedPiece2,128,402,0,375
mixed_97.jpg,1,conjoinedPiece2,112,368,0,416
mixed_98.jpg,1,conjoinedPiece3,43,278,106,309
mixed_99.jpg,1,conjoinedPiece3,26,279,109,319
piece1_1.jpg,1,piece1,122,269,20,406
piece1_10.jpg,1,piece1,149,281,24,357
piece1_100.jpg,1,piece1,76,408,213,329
piece1_101.jpg,1,piece1,76,406,214,330
piece1_102.jpg,1,piece1,166,315,64,393
piece1_103.jpg,1,piece1,17,380,212,312
piece1_104.jpg,1,piece1,44,358,186,332
piece1_105.jpg,1,piece1,159,291,97,356
piece1_106.jpg,1,piece1,32,388,114,259
piece1_107.jpg,1,piece1,144,267,68,386
piece1_108.jpg,1,piece1,18,385,128,246
piece1_109.jpg,1,piece1,101,363,196,288
piece1_11.jpg,1,piece1,39,410,78,308
piece1_110.jpg,1,piece1,151,278,148,396
piece1_111.jpg,1,piece1,54,374,232,376
piece1_112.jpg,1,piece1,31,386,114,258
piece1_113.jpg,1,piece1,19,384,128,246
piece1_114.jpg,1,piece1,102,227,35,350
piece1_115.jpg,1,piece1,49,380,103,280
piece1_116.jpg,1,piece1,1,410,181,214
piece1_117.jpg,1,piece1,15,401,189,234
piece1_118.jpg,1,piece1,68,336,64,265
piece1_119.jpg,1,piece1,138,207,13,382
piece1_12.jpg,1,piece1,18,399,137,254
piece1_120.jpg,1,piece1,1,355,203,244
piece1_121.jpg,1,piece1,23,406,126,271
piece1_122.jpg,1,piece1,49,209,29,392
piece1_123.jpg,1,piece1,13,389,91,222
piece1_124.jpg,1,piece1,8,310,165,200
piece1_125.jpg,1,piece1,17,331,127,172
piece1_126.jpg,1,piece1,70,296,140,261
piece1_127.jpg,1,piece1,115,354,150,270
piece1_128.jpg,1,piece1,191,221,159,331
piece1_129.jpg,1,piece1,260,355,124,290
piece1_13.jpg,1,piece1,21,382,129,247
piece1_130.jpg,1,piece1,117,257,34,367
piece1_131.jpg,1,piece1,0,381,189,319
piece1_132.jpg,1,piece1,2,415,119,265
piece1_133.jpg,1,piece1,0,396,93,254
piece1_134.jpg,1,piece1,12,321,143,249
piece1_135.jpg,1,piece1,119,298,35,380
piece1_136.jpg,1,piece1,153,197,36,415
piece1_137.jpg,1,piece1,58,325,209,253
piece1_138.jpg,1,piece1,47,256,11,279
piece1_139.jpg,1,piece1,31,382,87,266
piece1_14.jpg,1,piece1,49,377,80,304
piece1_140.jpg,1,piece1,130,315,83,367
piece1_141.jpg,1,piece1,129,311,84,363
piece1_142.jpg,1,piece1,91,323,137,274
piece1_143.jpg,1,piece1,81,332,149,230
piece1_144.jpg,1,piece1,79,337,149,268
piece1_145.jpg,1,piece1,111,327,87,331
piece1_146.jpg,1,piece1,164,276,52,391
piece1_147.jpg,1,piece1,179,300,18,411
piece1_148.jpg,1,piece1,138,341,57,358
piece1_149.jpg,1,piece1,83,358,154,262
piece1_15.jpg,1,piece1,57,396,91,323
piece1_150.jpg,1,piece1,93,368,163,279
piece1_151.jpg,1,piece1,96,296,127,340
piece1_152.jpg,1,piece1,150,327,27,397
piece1_153.jpg,1,piece1,157,304,33,416
piece1_154.jpg,1,piece1,146,299,17,414
piece1_155.jpg,1,piece1,116,324,60,371
piece1_156.jpg,1,piece1,102,323,81,360
piece1_157.jpg,1,piece1,65,332,142,319
piece1_158.jpg,1,piece1,57,311,138,260
piece1_159.jpg,1,piece1,112,312,106,320
piece1_16.jpg,1,piece1,41,396,66,302
piece1_160.jpg,1,piece1,156,266,38,380
piece1_161.jpg,1,piece1,202,259,15,399
piece1_162.jpg,1,piece1,83,352,55,358
piece1_163.jpg,1,piece1,74,360,77,339
piece1_164.jpg,1,piece1,66,352,85,330
piece1_165.jpg,1,piece1,65,348,94,320
piece1_166.jpg,1,piece1,79,371,91,285
piece1_167.jpg,1,piece1,60,372,127,274
piece1_168.jpg,1,piece1,38,367,143,204
piece1_169.jpg,1,piece1,43,355,95,287
piece1_17.jpg,1,piece1,30,402,41,265
piece1_170.jpg,1,piece1,105,288,1,376
piece1_171.jpg,1,piece1,172,203,24,408
piece1_172.jpg,1,piece1,167,235,15,404
piece1_173.jpg,1,piece1,74,321,83,373
piece1_174.jpg,1,piece1,30,367,152,228
piece1_175.jpg,1,piece1,58,383,85,340
piece1_176.jpg,1,piece1,159,286,8,412
piece1_177.jpg,1,piece1,140,289,10,401
piece1_178.jpg,1,piece1,20,389,46,370
piece1_179.jpg,1,piece1,117,333,19,398
piece1_18.jpg,1,piece1,16,380,49,263
piece1_180.jpg,1,piece1,186,303,9,402
piece1_181.jpg,1,piece1,135,342,45,400
piece1_182.jpg,1,piece1,91,326,17,366
piece1_183.jpg,1,piece1,83,331,12,358
piece1_184.jpg,1,piece1,54,353,60,323
piece1_185.jpg,1,piece1,45,384,115,304
piece1_186.jpg,1,piece1,80,361,87,340
piece1_187.jpg,1,piece1,33,365,138,310
piece1_188.jpg,1,piece1,81,334,28,368
piece1_189.jpg,1,piece1,172,242,6,398
piece1_19.jpg,1,piece1,42,368,73,379
piece1_190.jpg,1,piece1,191,230,13,413
piece1_191.jpg,1,piece1,138,326,16,386
piece1_192.jpg,1,piece1,90,399,24,332
piece1_193.jpg,1,piece1,49,396,148,263
piece1_194.jpg,1,piece1,83,335,67,374
piece1_195.jpg,1,piece1,7,376,141,292
piece1_196.jpg,1,piece1,28,393,134,213
piece1_197.jpg,1,piece1,39,322,7,362
piece1_198.jpg,1,piece1,156,282,28,394
piece1_199.jpg,1,piece1,154,285,32,397
piece1_2.jpg,1,piece1,25,352,68,375
piece1_20.jpg,1,piece1,24,360,83,371
piece1_200.jpg,1,piece1,98,380,85,319
piece1_201.jpg,1,piece1,157,284,21,384
piece1_202.jpg,1,piece1,159,279,22,394
piece1_203.jpg,1,piece1,51,263,22,384
piece1_204.jpg,1,piece1,59,273,18,378
piece1_205.jpg,1,piece1,85,328,27,385
piece1_206.jpg,1,piece1,134,232,19,394
piece1_207.jpg,1,piece1,105,278,96,415
piece1_208.jpg,1,piece1,93,316,62,340
piece1_209.jpg,1,piece1,171,264,32,414
piece1_21.jpg,1,piece1,30,351,61,311
piece1_210.jpg,1,piece1,65,247,76,376
piece1_211.jpg,1,piece1,27,342,44,318
piece1_212.jpg,1,piece1,1,386,102,265
piece1_213.jpg,1,piece1,46,375,124,330
piece1_214.jpg,1,piece1,24,387,84,279
piece1_215.jpg,1,piece1,43,329,85,303
piece1_216.jpg,1,piece1,125,306,13,406
piece1_217.jpg,1,piece1,10,410,152,208
piece1_218.jpg,1,piece1,16,396,97,245
piece1_219.jpg,1,piece1,228,330,27,389
piece1_22.jpg,1,piece1,39,343,36,220
piece1_220.jpg,1,piece1,98,208,80,371
piece1_221.jpg,1,piece1,122,288,29,370
piece1_222.jpg,1,piece1,134,235,41,330
piece1_223.jpg,1,piece1,85,338,196,290
piece1_224.jpg,1,piece1,58,355,109,344
piece1_225.jpg,1,piece1,33,378,133,259
piece1_226.jpg,1,piece1,106,363,61,223
piece1_227.jpg,1,piece1,52,338,141,329
piece1_228.jpg,1,piece1,91,326,71,389
piece1_229.jpg,1,piece1,211,246,36,391
piece1_23.jpg,1,piece1,102,230,36,355
piece1_230.jpg,1,piece1,3,410,141,227
piece1_231.jpg,1,piece1,58,350,102,336
piece1_232.jpg,1,piece1,51,376,137,285
piece1_233.jpg,1,piece1,59,371,127,292
piece1_234.jpg,1,piece1,102,298,91,339
piece1_235.jpg,1,piece1,0,282,134,242
piece1_236.jpg,1,piece1,98,360,28,402
piece1_237.jpg,1,piece1,190,285,1,390
piece1_238.jpg,1,piece1,64,339,83,320
piece1_239.jpg,1,piece1,168,263,12,410
piece1_24.jpg,1,piece1,100,339,77,351
piece1_240.jpg,1,piece1,65,384,52,332
piece1_241.jpg,1,piece1,19,368,121,302
piece1_242.jpg,1,piece1,113,315,95,340
piece1_243.jpg,1,piece1,210,250,9,411
piece1_244.jpg,1,piece1,99,346,86,312
piece1_245.jpg,1,piece1,83,351,57,361
piece1_246.jpg,1,piece1,89,353,31,368
piece1_247.jpg,1,piece1,63,345,66,366
piece1_248.jpg,1,piece1,82,288,0,406
piece1_249.jpg,1,piece1,134,328,65,396
piece1_25.jpg,1,piece1,82,378,85,300
piece1_26.jpg,1,piece1,26,357,54,372
piece1_27.jpg,1,piece1,26,395,97,310
piece1_28.jpg,1,piece1,34,397,154,241
piece1_29.jpg,1,piece1,84,294,61,351
piece1_3.jpg,1,piece1,12,395,100,295
piece1_30.jpg,1,piece1,39,332,81,279
piece1_31.jpg,1,piece1,35,358,131,229
piece1_32.jpg,1,piece1,35,351,113,234
piece1_33.jpg,1,piece1,60,338,86,261
piece1_34.jpg,1,piece1,64,398,140,193
piece1_35.jpg,1,piece1,46,381,167,210
piece1_36.jpg,1,piece1,121,304,11,392
piece1_37.jpg,1,piece1,1,398,114,296
piece1_38.jpg,1,piece1,55,361,34,370
piece1_39.jpg,1,piece1,22,377,103,358
piece1_4.jpg,1,piece1,113,302,15,388
piece1_40.jpg,1,piece1,18,397,116,307
piece1_41.jpg,1,piece1,70,360,33,358
piece1_42.jpg,1,piece1,1,404,101,252
piece1_43.jpg,1,piece1,45,400,50,306
piece1_44.jpg,1,piece1,8,410,165,219
piece1_45.jpg,1,piece1,19,376,193,256
piece1_46.jpg,1,piece1,36,384,184,272
piece1_47.jpg,1,piece1,55,400,200,264
piece1_48.jpg,1,piece1,66,414,212,251
piece1_49.jpg,1,piece1,120,347,53,358
piece1_5.jpg,1,piece1,17,383,97,341
piece1_50.jpg,1,piece1,59,383,48,340
piece1_51.jpg,1,piece1,36,396,110,289
piece1_52.jpg,1,piece1,18,392,80,297
piece1_53.jpg,1,piece1,43,415,152,287
piece1_54.jpg,1,piece1,113,339,18,389
piece1_55.jpg,1,piece1,68,306,5,393
piece1_56.jpg,1,piece1,19,371,73,391
piece1_57.jpg,1,piece1,16,409,123,308
piece1_58.jpg,1,piece1,4,398,148,217
piece1_59.jpg,1,piece1,19,354,89,223
piece1_6.jpg,1,piece1,1,379,158,228
piece1_60.jpg,1,piece1,102,264,56,359
piece1_61.jpg,1,piece1,30,387,113,259
piece1_62.jpg,1,piece1,16,395,104,263
piece1_63.jpg,1,piece1,24,364,42,359
piece1_64.jpg,1,piece1,87,283,58,277
piece1_65.jpg,1,piece1,196,323,72,385
piece1_66.jpg,1,piece1,72,383,203,322
piece1_67.jpg,1,piece1,31,389,113,262
piece1_68.jpg,1,piece1,32,386,113,260
piece1_69.jpg,1,piece1,104,229,34,352
piece1_7.jpg,1,piece1,90,373,26,295
piece1_70.jpg,1,piece1,21,386,195,315
piece1_71.jpg,1,piece1,42,376,113,260
piece1_72.jpg,1,piece1,28,373,128,247
piece1_73.jpg,1,piece1,108,227,37,352
piece1_74.jpg,1,piece1,103,229,35,350
piece1_75.jpg,1,piece1,31,387,113,260
piece1_76.jpg,1,piece1,16,386,128,247
piece1_77.jpg,1,piece1,51,366,113,259
piece1_78.jpg,1,piece1,111,225,35,351
piece1_79.jpg,1,piece1,40,365,131,246
piece1_8.jpg,1,piece1,93,386,33,377
piece1_80.jpg,1,piece1,78,399,214,360
piece1_81.jpg,1,piece1,78,405,213,332
piece1_82.jpg,1,piece1,163,316,65,392
piece1_83.jpg,1,piece1,18,379,210,312
piece1_84.jpg,1,piece1,43,358,186,332
piece1_85.jpg,1,piece1,159,292,96,354
piece1_86.jpg,1,piece1,32,389,115,259
piece1_87.jpg,1,piece1,144,269,68,384
piece1_88.jpg,1,piece1,18,386,129,248
piece1_89.jpg,1,piece1,100,364,195,288
piece1_9.jpg,1,piece1,80,392,47,351
piece1_90.jpg,1,piece1,149,279,148,396
piece1_91.jpg,1,piece1,54,372,231,378
piece1_92.jpg,1,piece1,30,387,114,259
piece1_93.jpg,1,piece1,16,388,128,249
piece1_94.jpg,1,piece1,103,228,35,350
piece1_95.jpg,1,piece1,115,226,36,355
piece1_96.jpg,1,piece1,38,365,128,247
piece1_97.jpg,1,piece1,39,369,128,247
piece1_98.jpg,1,piece1,81,396,213,360
piece1_99.jpg,1,piece1,80,395,214,360
seat_214.jpg,1,seat,61.0,381.0,49.0,399.0
seat_200.jpg,1,seat,74.0,331.0,67.0,355.0
seat_228.jpg,1,seat,88.0,388.0,123.0,304.0
seat_18.jpg,1,seat,45.0,322.0,23.0,378.0
piece2_238.jpg,1,piece2,107.0,404.0,18.0,393.0
piece2_210.jpg,1,piece2,14.0,407.0,86.0,252.0
seat_30.jpg,1,seat,10.0,390.0,28.0,327.0
seat_24.jpg,1,seat,57.0,365.0,14.0,361.0
piece2_204.jpg,1,piece2,91.0,360.0,70.0,287.0
seat_162.jpg,1,seat,73.0,333.0,30.0,364.0
seat_176.jpg,1,seat,70.0,337.0,44.0,366.0
seat_189.jpg,1,seat,81.0,341.0,14.0,370.0
piece2_199.jpg,1,piece2,128.0,364.0,17.0,336.0
piece2_58.jpg,1,piece2,25.0,394.0,87.0,291.0
piece2_166.jpg,1,piece2,81.0,375.0,8.0,342.0
piece2_64.jpg,1,piece2,58.0,338.0,61.0,302.0
piece2_70.jpg,1,piece2,89.0,334.0,116.0,361.0
piece2_172.jpg,1,piece2,90.0,344.0,32.0,396.0
piece2_71.jpg,1,piece2,98.0,402.0,132.0,394.0
piece2_173.jpg,1,piece2,55.0,331.0,103.0,357.0
piece2_167.jpg,1,piece2,78.0,360.0,10.0,352.0
piece2_65.jpg,1,piece2,84.0,338.0,44.0,289.0
piece2_59.jpg,1,piece2,107.0,402.0,92.0,405.0
piece2_198.jpg,1,piece2,113.0,323.0,49.0,339.0
seat_188.jpg,1,seat,75.0,347.0,1.0,343.0
seat_177.jpg,1,seat,73.0,347.0,55.0,375.0
seat_163.jpg,1,seat,75.0,338.0,27.0,353.0
seat_25.jpg,1,seat,60.0,363.0,1.0,366.0
piece2_205.jpg,1,piece2,70.0,331.0,38.0,284.0
piece2_211.jpg,1,piece2,15.0,403.0,30.0,297.0
seat_31.jpg,1,seat,18.0,396.0,63.0,305.0
seat_19.jpg,1,seat,48.0,329.0,17.0,367.0
piece2_239.jpg,1,piece2,77.0,378.0,1.0,341.0
seat_229.jpg,1,seat,54.0,343.0,27.0,383.0
seat_201.jpg,1,seat,42.0,377.0,73.0,415.0
seat_215.jpg,1,seat,80.0,372.0,28.0,325.0
seat_203.jpg,1,seat,65.0,349.0,106.0,415.0
seat_217.jpg,1,seat,70.0,325.0,29.0,412.0
piece2_207.jpg,1,piece2,49.0,379.0,96.0,337.0
seat_27.jpg,1,seat,48.0,324.0,11.0,414.0
seat_33.jpg,1,seat,56.0,405.0,42.0,391.0
piece2_213.jpg,1,piece2,54.0,348.0,48.0,284.0
seat_175.jpg,1,seat,64.0,319.0,19.0,338.0
seat_161.jpg,1,seat,78.0,325.0,38.0,357.0
seat_149.jpg,1,seat,78.0,415.0,11.0,414.0
piece2_98.jpg,1,piece2,1.0,293.0,171.0,306.0
piece2_159.jpg,1,piece2,74.0,336.0,29.0,414.0
piece2_171.jpg,1,piece2,108.0,354.0,1.0,402.0
piece2_73.jpg,1,piece2,118.0,410.0,76.0,415.0
piece2_67.jpg,1,piece2,58.0,375.0,41.0,399.0
piece2_165.jpg,1,piece2,54.0,389.0,32.0,379.0
piece2_66.jpg,1,piece2,75.0,340.0,108.0,351.0
piece2_164.jpg,1,piece2,156.0,341.0,35.0,398.0
piece2_170.jpg,1,piece2,124.0,298.0,42.0,414.0
piece2_72.jpg,1,piece2,55.0,381.0,128.0,346.0
piece2_158.jpg,1,piece2,89.0,367.0,58.0,317.0
piece2_99.jpg,1,piece2,16.0,324.0,169.0,303.0
seat_148.jpg,1,seat,0.0,415.0,1.0,415.0
seat_160.jpg,1,seat,78.0,326.0,35.0,349.0
seat_174.jpg,1,seat,133.0,315.0,15.0,386.0
seat_32.jpg,1,seat,26.0,379.0,54.0,330.0
piece2_212.jpg,1,piece2,70.0,380.0,69.0,397.0
piece2_206.jpg,1,piece2,42.0,349.0,66.0,318.0
seat_26.jpg,1,seat,103.0,309.0,19.0,380.0
seat_216.jpg,1,seat,79.0,395.0,41.0,376.0
seat_202.jpg,1,seat,33.0,353.0,45.0,405.0
seat_206.jpg,1,seat,83.0,327.0,50.0,381.0
seat_212.jpg,1,seat,113.0,330.0,2.0,412.0
seat_9.jpg,1,seat,58.0,345.0,59.0,295.0
seat_22.jpg,1,seat,78.0,413.0,34.0,342.0
piece2_202.jpg,1,piece2,129.0,390.0,8.0,402.0
piece2_216.jpg,1,piece2,41.0,377.0,50.0,377.0
seat_36.jpg,1,seat,63.0,325.0,14.0,413.0
seat_158.jpg,1,seat,0.0,298.0,39.0,408.0
seat_170.jpg,1,seat,59.0,364.0,101.0,414.0
seat_164.jpg,1,seat,72.0,318.0,29.0,338.0
piece2_89.jpg,1,piece2,21.0,375.0,122.0,297.0
piece2_76.jpg,1,piece2,75.0,343.0,96.0,339.0
piece2_174.jpg,1,piece2,51.0,329.0,110.0,358.0
piece2_160.jpg,1,piece2,96.0,337.0,9.0,411.0
piece2_62.jpg,1,piece2,30.0,329.0,153.0,397.0
piece2_148.jpg,1,piece2,91.0,372.0,4.0,373.0
piece2_149.jpg,1,piece2,83.0,359.0,1.0,357.0
piece2_161.jpg,1,piece2,115.0,374.0,16.0,415.0
piece2_63.jpg,1,piece2,65.0,367.0,41.0,395.0
piece2_77.jpg,1,piece2,46.0,346.0,105.0,346.0
piece2_175.jpg,1,piece2,61.0,348.0,112.0,370.0
piece2_88.jpg,1,piece2,44.0,353.0,94.0,265.0
seat_165.jpg,1,seat,68.0,310.0,35.0,340.0
seat_171.jpg,1,seat,113.0,415.0,122.0,415.0
seat_159.jpg,1,seat,25.0,416.0,63.0,392.0
piece2_217.jpg,1,piece2,90.0,339.0,86.0,363.0
seat_37.jpg,1,seat,44.0,356.0,11.0,412.0
seat_23.jpg,1,seat,63.0,400.0,1.0,338.0
piece2_203.jpg,1,piece2,96.0,357.0,64.0,385.0
seat_8.jpg,1,seat,72.0,344.0,17.0,407.0
seat_213.jpg,1,seat,65.0,379.0,65.0,415.0
seat_207.jpg,1,seat,79.0,361.0,16.0,384.0
seat_239.jpg,1,seat,52.0,383.0,88.0,285.0
seat_211.jpg,1,seat,158.0,315.0,23.0,358.0
seat_205.jpg,1,seat,79.0,385.0,32.0,376.0
seat_35.jpg,1,seat,31.0,348.0,21.0,375.0
piece2_215.jpg,1,piece2,20.0,369.0,67.0,325.0
piece2_201.jpg,1,piece2,121.0,369.0,9.0,398.0
seat_21.jpg,1,seat,65.0,386.0,22.0,337.0
piece2_229.jpg,1,piece2,71.0,381.0,61.0,275.0
seat_167.jpg,1,seat,84.0,396.0,37.0,379.0
seat_173.jpg,1,seat,130.0,307.0,19.0,407.0
seat_198.jpg,1,seat,84.0,340.0,42.0,362.0
piece2_188.jpg,1,piece2,80.0,366.0,21.0,360.0
piece2_61.jpg,1,piece2,57.0,378.0,40.0,399.0
piece2_163.jpg,1,piece2,136.0,390.0,15.0,406.0
piece2_177.jpg,1,piece2,91.0,383.0,1.0,397.0
piece2_75.jpg,1,piece2,128.0,393.0,80.0,330.0
piece2_49.jpg,1,piece2,78.0,320.0,49.0,371.0
piece2_48.jpg,1,piece2,117.0,308.0,34.0,411.0
piece2_176.jpg,1,piece2,94.0,390.0,5.0,404.0
piece2_74.jpg,1,piece2,58.0,359.0,103.0,348.0
piece2_60.jpg,1,piece2,24.0,392.0,119.0,389.0
piece2_162.jpg,1,piece2,63.0,394.0,25.0,391.0
piece2_189.jpg,1,piece2,95.0,311.0,70.0,329.0
seat_199.jpg,1,seat,85.0,344.0,32.0,353.0
seat_172.jpg,1,seat,134.0,315.0,20.0,411.0
seat_166.jpg,1,seat,95.0,374.0,37.0,357.0
piece2_228.jpg,1,piece2,55.0,362.0,79.0,295.0
piece2_200.jpg,1,piece2,121.0,347.0,16.0,344.0
seat_20.jpg,1,seat,59.0,349.0,7.0,355.0
seat_34.jpg,1,seat,43.0,341.0,41.0,386.0
piece2_214.jpg,1,piece2,45.0,383.0,93.0,290.0
seat_204.jpg,1,seat,76.0,356.0,68.0,387.0
seat_210.jpg,1,seat,113.0,270.0,0.0,370.0
seat_238.jpg,1,seat,54.0,342.0,13.0,415.0
seat_90.jpg,1,seat,72.0,343.0,129.0,380.0
seat_84.jpg,1,seat,36.0,336.0,46.0,329.0
seat_53.jpg,1,seat,22.0,318.0,54.0,262.0
seat_47.jpg,1,seat,20.0,360.0,23.0,414.0
seat_101.jpg,1,seat,77.0,345.0,105.0,337.0
seat_115.jpg,1,seat,11.0,414.0,123.0,379.0
seat_129.jpg,1,seat,11.0,389.0,106.0,357.0
piece2_139.jpg,1,piece2,61.0,363.0,33.0,369.0
piece2_105.jpg,1,piece2,79.0,393.0,50.0,346.0
piece2_111.jpg,1,piece2,110.0,321.0,1.0,406.0
piece2_13.jpg,1,piece2,30.0,351.0,28.0,377.0
piece2_110.jpg,1,piece2,28.0,415.0,51.0,372.0
piece2_12.jpg,1,piece2,25.0,320.0,19.0,347.0
piece2_104.jpg,1,piece2,39.0,322.0,88.0,337.0
piece2_138.jpg,1,piece2,96.0,363.0,19.0,398.0
seat_128.jpg,1,piece2,27.0,387.0,85.0,381.0
seat_114.jpg,1,seat,14.0,409.0,135.0,323.0
seat_100.jpg,1,seat,59.0,330.0,44.0,356.0
seat_46.jpg,1,seat,40.0,408.0,32.0,397.0
seat_52.jpg,1,seat,1.0,322.0,41.0,275.0
seat_85.jpg,1,seat,67.0,383.0,65.0,392.0
seat_91.jpg,1,seat,62.0,372.0,6.0,389.0
seat_248.jpg,1,seat,76.0,319.0,71.0,305.0
seat_87.jpg,1,seat,66.0,383.0,46.0,415.0
seat_93.jpg,1,seat,90.0,353.0,77.0,392.0
seat_78.jpg,1,seat,70.0,343.0,93.0,345.0
seat_44.jpg,1,seat,34.0,408.0,94.0,414.0
seat_50.jpg,1,seat,16.0,359.0,52.0,357.0
seat_116.jpg,1,seat,18.0,406.0,102.0,324.0
seat_102.jpg,1,seat,122.0,361.0,131.0,363.0
piece2_38.jpg,1,piece2,16.0,413.0,49.0,349.0
piece2_10.jpg,1,piece2,53.0,376.0,42.0,401.0
piece2_112.jpg,1,piece2,52.0,330.0,18.0,415.0
piece2_9.jpg,1,piece2,79.0,342.0,116.0,361.0
piece2_106.jpg,1,piece2,4.0,396.0,44.0,326.0
piece2_107.jpg,1,piece2,54.0,295.0,89.0,348.0
piece2_11.jpg,1,piece2,1.0,330.0,29.0,281.0
piece2_8.jpg,1,piece2,45.0,363.0,70.0,295.0
piece2_113.jpg,1,piece2,11.0,325.0,52.0,373.0
piece2_39.jpg,1,piece2,30.0,400.0,73.0,409.0
seat_103.jpg,1,seat,98.0,368.0,62.0,297.0
seat_117.jpg,1,seat,32.0,411.0,93.0,352.0
seat_51.jpg,1,seat,26.0,341.0,81.0,330.0
seat_45.jpg,1,seat,17.0,377.0,79.0,388.0
seat_79.jpg,1,seat,78.0,346.0,15.0,406.0
seat_92.jpg,1,seat,73.0,350.0,15.0,410.0
seat_86.jpg,1,seat,78.0,361.0,27.0,407.0
seat_249.jpg,1,seat,68.0,332.0,31.0,369.0
seat_82.jpg,1,seat,66.0,313.0,14.0,406.0
seat_96.jpg,1,seat,74.0,349.0,9.0,407.0
seat_41.jpg,1,seat,1.0,389.0,66.0,354.0
seat_55.jpg,1,seat,17.0,352.0,32.0,367.0
seat_69.jpg,1,seat,88.0,377.0,123.0,372.0
seat_113.jpg,1,seat,17.0,400.0,161.0,342.0
seat_107.jpg,1,seat,39.0,376.0,118.0,334.0
piece2_117.jpg,1,piece2,1.0,388.0,6.0,282.0
piece2_15.jpg,1,piece2,116.0,358.0,32.0,340.0
piece2_103.jpg,1,piece2,0.0,414.0,4.0,233.0
piece2_29.jpg,1,piece2,67.0,372.0,39.0,396.0
piece2_28.jpg,1,piece2,80.0,320.0,55.0,367.0
piece2_102.jpg,1,piece2,26.0,330.0,155.0,271.0
piece2_116.jpg,1,piece2,97.0,320.0,103.0,392.0
piece2_14.jpg,1,piece2,54.0,326.0,62.0,394.0
seat_106.jpg,1,seat,0.0,392.0,114.0,362.0
seat_112.jpg,1,seat,16.0,401.0,137.0,330.0
seat_68.jpg,1,seat,39.0,391.0,27.0,339.0
seat_54.jpg,1,seat,33.0,391.0,32.0,306.0
seat_40.jpg,1,seat,9.0,388.0,49.0,349.0
seat_97.jpg,1,seat,48.0,319.0,71.0,324.0
seat_83.jpg,1,seat,23.0,404.0,7.0,384.0
seat_95.jpg,1,seat,64.0,372.0,96.0,393.0
seat_81.jpg,1,seat,69.0,311.0,73.0,324.0
seat_56.jpg,1,seat,16.0,382.0,13.0,334.0
seat_42.jpg,1,seat,23.0,396.0,80.0,357.0
seat_138.jpg,1,seat,0.0,373.0,40.0,349.0
seat_104.jpg,1,seat,105.0,366.0,20.0,365.0
seat_110.jpg,1,seat,14.0,401.0,151.0,373.0
piece2_100.jpg,1,piece2,107.0,398.0,111.0,311.0
piece2_16.jpg,1,piece2,34.0,385.0,33.0,396.0
piece2_114.jpg,1,piece2,61.0,364.0,58.0,307.0
piece2_128.jpg,1,piece2,55.0,318.0,25.0,394.0
piece2_129.jpg,1,piece2,74.0,346.0,139.0,387.0
piece2_17.jpg,1,piece2,55.0,342.0,55.0,385.0
piece2_115.jpg,1,piece2,48.0,325.0,70.0,415.0
piece2_101.jpg,1,piece2,63.0,372.0,46.0,355.0
seat_111.jpg,1,seat,21.0,397.0,139.0,333.0
seat_105.jpg,1,seat,93.0,389.0,9.0,369.0
seat_139.jpg,1,seat,0.0,415.0,129.0,415.0
seat_43.jpg,1,seat,21.0,414.0,112.0,315.0
seat_57.jpg,1,seat,74.0,315.0,17.0,413.0
seat_80.jpg,1,seat,66.0,373.0,6.0,386.0
seat_94.jpg,1,seat,91.0,331.0,118.0,370.0
seat_242.jpg,1,seat,55.0,310.0,12.0,414.0
seat_99.jpg,1,seat,49.0,340.0,56.0,381.0
seat_72.jpg,1,seat,63.0,373.0,6.0,388.0
seat_66.jpg,1,seat,38.0,368.0,70.0,228.0
seat_120.jpg,1,seat,37.0,379.0,83.0,382.0
seat_134.jpg,1,seat,1.0,356.0,76.0,414.0
seat_108.jpg,1,seat,42.0,324.0,147.0,358.0
piece2_118.jpg,1,piece2,29.0,321.0,10.0,353.0
piece2_3.jpg,1,piece2,79.0,320.0,28.0,388.0
piece2_26.jpg,1,piece2,62.0,287.0,33.0,405.0
piece2_124.jpg,1,piece2,82.0,361.0,97.0,402.0
piece2_130.jpg,1,piece2,79.0,394.0,25.0,367.0
piece2_32.jpg,1,piece2,7.0,406.0,96.0,311.0
piece2_131.jpg,1,piece2,0.0,313.0,102.0,288.0
piece2_33.jpg,1,piece2,28.0,390.0,114.0,334.0
piece2_27.jpg,1,piece2,26.0,308.0,73.0,393.0
piece2_125.jpg,1,piece2,54.0,377.0,41.0,394.0
piece2_2.jpg,1,piece2,72.0,296.0,48.0,327.0
piece2_119.jpg,1,piece2,4.0,398.0,54.0,294.0
seat_109.jpg,1,seat,78.0,371.0,128.0,354.0
seat_135.jpg,1,seat,1.0,371.0,1.0,415.0
seat_121.jpg,1,seat,25.0,396.0,123.0,357.0
seat_67.jpg,1,seat,76.0,358.0,24.0,262.0
seat_73.jpg,1,seat,73.0,341.0,84.0,331.0
seat_98.jpg,1,seat,65.0,374.0,7.0,388.0
seat_243.jpg,1,seat,61.0,384.0,0.0,407.0
seat_241.jpg,1,seat,69.0,328.0,29.0,415.0
seat_59.jpg,1,seat,74.0,302.0,20.0,400.0
seat_65.jpg,1,seat,22.0,352.0,15.0,345.0
seat_71.jpg,1,seat,100.0,357.0,95.0,409.0
seat_137.jpg,1,seat,1.0,415.0,39.0,415.0
seat_123.jpg,1,seat,79.0,397.0,92.0,369.0
piece2_19.jpg,1,piece2,92.0,359.0,32.0,323.0
piece2_31.jpg,1,piece2,19.0,372.0,66.0,365.0
piece2_133.jpg,1,piece2,45.0,346.0,91.0,336.0
piece2_127.jpg,1,piece2,49.0,378.0,41.0,397.0
piece2_25.jpg,1,piece2,37.0,314.0,18.0,322.0
piece2_126.jpg,1,piece2,62.0,312.0,145.0,332.0
piece2_24.jpg,1,piece2,30.0,366.0,22.0,268.0
piece2_30.jpg,1,piece2,23.0,360.0,88.0,376.0
piece2_132.jpg,1,piece2,37.0,380.0,17.0,326.0
piece2_1.jpg,1,piece2,11.0,415.0,93.0,352.0
piece2_18.jpg,1,piece2,43.0,332.0,52.0,393.0
seat_122.jpg,1,seat,8.0,403.0,112.0,313.0
seat_136.jpg,1,seat,19.0,415.0,1.0,348.0
seat_70.jpg,1,seat,111.0,377.0,82.0,391.0
seat_64.jpg,1,seat,41.0,374.0,84.0,344.0
seat_58.jpg,1,seat,27.0,340.0,3.0,412.0
seat_254.jpg,1,seat,92.0,400.0,41.0,347.0
seat_240.jpg,1,seat,14.0,415.0,55.0,321.0
seat_244.jpg,1,seat,52.0,339.0,9.0,355.0
seat_250.jpg,1,seat,76.0,315.0,56.0,357.0
seat_60.jpg,1,seat,51.0,307.0,4.0,415.0
piece2_240.jpg,1,piece2,108.0,310.0,1.0,404.0
seat_74.jpg,1,seat,75.0,350.0,15.0,408.0
seat_48.jpg,1,seat,25.0,345.0,19.0,412.0
seat_132.jpg,1,seat,18.0,399.0,70.0,363.0
seat_126.jpg,1,seat,9.0,383.0,68.0,347.0
piece2_136.jpg,1,piece2,95.0,380.0,95.0,358.0
piece2_34.jpg,1,piece2,20.0,401.0,126.0,332.0
piece2_20.jpg,1,piece2,130.0,364.0,25.0,320.0
piece2_122.jpg,1,piece2,38.0,385.0,87.0,301.0
piece2_5.jpg,1,piece2,74.0,345.0,41.0,291.0
piece2_4.jpg,1,piece2,1.0,368.0,13.0,415.0
piece2_21.jpg,1,piece2,57.0,318.0,34.0,370.0
piece2_123.jpg,1,piece2,116.0,384.0,113.0,411.0
piece2_137.jpg,1,piece2,54.0,304.0,67.0,389.0
piece2_35.jpg,1,piece2,1.0,401.0,70.0,289.0
seat_127.jpg,1,seat,0.0,407.0,80.0,307.0
seat_133.jpg,1,seat,3.0,414.0,24.0,415.0
seat_49.jpg,1,seat,46.0,343.0,8.0,407.0
seat_75.jpg,1,seat,57.0,315.0,73.0,323.0
seat_61.jpg,1,seat,63.0,364.0,24.0,415.0
piece2_241.jpg,1,piece2,74.0,367.0,77.0,335.0
seat_251.jpg,1,seat,126.0,335.0,33.0,370.0
seat_245.jpg,1,seat,44.0,318.0,39.0,318.0
seat_253.jpg,1,seat,162.0,305.0,66.0,415.0
seat_247.jpg,1,seat,57.0,323.0,112.0,369.0
seat_88.jpg,1,seat,61.0,382.0,104.0,370.0
seat_77.jpg,1,seat,73.0,357.0,1.0,386.0
seat_63.jpg,1,seat,41.0,368.0,78.0,354.0
seat_119.jpg,1,seat,18.0,398.0,131.0,318.0
seat_125.jpg,1,seat,35.0,359.0,88.0,296.0
seat_131.jpg,1,seat,14.0,398.0,131.0,305.0
piece2_121.jpg,1,piece2,13.0,415.0,67.0,285.0
piece2_23.jpg,1,piece2,34.0,321.0,14.0,414.0
piece2_37.jpg,1,piece2,151.0,324.0,59.0,407.0
piece2_135.jpg,1,piece2,105.0,398.0,54.0,338.0
piece2_6.jpg,1,piece2,75.0,342.0,47.0,292.0
piece2_109.jpg,1,piece2,31.0,341.0,103.0,273.0
piece2_108.jpg,1,piece2,12.0,414.0,101.0,318.0
piece2_7.jpg,1,piece2,65.0,321.0,46.0,299.0
piece2_36.jpg,1,piece2,96.0,349.0,74.0,388.0
piece2_134.jpg,1,piece2,176.0,397.0,200.0,394.0
piece2_120.jpg,1,piece2,92.0,385.0,81.0,268.0
piece2_22.jpg,1,piece2,35.0,341.0,10.0,386.0
seat_130.jpg,1,seat,0.0,412.0,126.0,336.0
seat_124.jpg,1,seat,84.0,379.0,97.0,369.0
seat_118.jpg,1,seat,13.0,405.0,108.0,372.0
piece2_242.jpg,1,piece2,92.0,323.0,21.0,400.0
seat_62.jpg,1,seat,61.0,356.0,2.0,383.0
seat_76.jpg,1,seat,80.0,338.0,12.0,407.0
seat_89.jpg,1,seat,49.0,384.0,42.0,396.0
seat_246.jpg,1,seat,66.0,353.0,16.0,268.0
seat_252.jpg,1,seat,100.0,321.0,20.0,397.0
seat_235.jpg,1,seat,70.0,380.0,15.0,360.0
seat_221.jpg,1,seat,57.0,364.0,12.0,331.0
seat_209.jpg,1,seat,54.0,315.0,0.0,415.0
seat_6.jpg,1,seat,67.0,327.0,1.0,365.0
piece2_219.jpg,1,piece2,58.0,342.0,80.0,387.0
seat_39.jpg,1,seat,27.0,407.0,37.0,339.0
seat_11.jpg,1,seat,87.0,324.0,55.0,305.0
piece2_231.jpg,1,piece2,114.0,337.0,57.0,312.0
piece2_225.jpg,1,piece2,50.0,351.0,36.0,245.0
seat_143.jpg,1,seat,135.0,415.0,75.0,323.0
seat_157.jpg,1,seat,1.0,255.0,32.0,396.0
seat_180.jpg,1,seat,125.0,303.0,30.0,414.0
seat_194.jpg,1,seat,84.0,395.0,36.0,414.0
piece2_184.jpg,1,piece2,73.0,392.0,14.0,350.0
piece2_86.jpg,1,piece2,20.0,393.0,96.0,347.0
piece2_92.jpg,1,piece2,0.0,316.0,130.0,296.0
piece2_190.jpg,1,piece2,103.0,364.0,67.0,357.0
piece2_79.jpg,1,piece2,106.0,385.0,105.0,378.0
piece2_147.jpg,1,piece2,118.0,305.0,66.0,333.0
piece2_45.jpg,1,piece2,61.0,383.0,15.0,414.0
piece2_51.jpg,1,piece2,39.0,349.0,63.0,366.0
piece2_153.jpg,1,piece2,131.0,345.0,60.0,382.0
piece2_50.jpg,1,piece2,68.0,362.0,83.0,300.0
piece2_152.jpg,1,piece2,116.0,370.0,27.0,407.0
piece2_146.jpg,1,piece2,61.0,296.0,73.0,362.0
piece2_44.jpg,1,piece2,17.0,406.0,22.0,388.0
piece2_78.jpg,1,piece2,24.0,380.0,142.0,387.0
piece2_93.jpg,1,piece2,62.0,296.0,45.0,358.0
piece2_191.jpg,1,piece2,77.0,350.0,41.0,384.0
piece2_185.jpg,1,piece2,79.0,403.0,50.0,343.0
piece2_87.jpg,1,piece2,48.0,349.0,104.0,290.0
seat_195.jpg,1,seat,98.0,364.0,64.0,373.0
seat_181.jpg,1,seat,148.0,354.0,48.0,391.0
seat_156.jpg,1,seat,1.0,365.0,31.0,382.0
seat_142.jpg,1,seat,22.0,415.0,38.0,414.0
piece2_224.jpg,1,piece2,91.0,337.0,71.0,294.0
seat_10.jpg,1,seat,65.0,356.0,7.0,415.0
piece2_230.jpg,1,piece2,95.0,291.0,50.0,339.0
piece2_218.jpg,1,piece2,117.0,320.0,120.0,338.0
seat_38.jpg,1,seat,13.0,366.0,21.0,402.0
seat_7.jpg,1,seat,49.0,320.0,71.0,323.0
seat_208.jpg,1,seat,58.0,375.0,19.0,414.0
seat_220.jpg,1,seat,31.0,349.0,1.0,415.0
seat_234.jpg,1,seat,10.0,375.0,8.0,372.0
seat_222.jpg,1,seat,62.0,349.0,4.0,382.0
seat_236.jpg,1,seat,54.0,354.0,1.0,415.0
seat_5.jpg,1,seat,55.0,356.0,49.0,330.0
piece2_226.jpg,1,piece2,70.0,363.0,80.0,290.0
piece2_232.jpg,1,piece2,156.0,381.0,41.0,340.0
seat_12.jpg,1,seat,52.0,334.0,23.0,402.0
seat_154.jpg,1,seat,104.0,415.0,87.0,377.0
seat_140.jpg,1,seat,178.0,415.0,97.0,395.0
seat_168.jpg,1,seat,96.0,414.0,40.0,391.0
seat_197.jpg,1,seat,89.0,349.0,43.0,360.0
seat_183.jpg,1,seat,92.0,342.0,79.0,317.0
piece2_193.jpg,1,piece2,99.0,356.0,88.0,298.0
piece2_91.jpg,1,piece2,105.0,340.0,94.0,311.0
piece2_85.jpg,1,piece2,101.0,310.0,30.0,264.0
piece2_187.jpg,1,piece2,26.0,395.0,32.0,414.0
piece2_178.jpg,1,piece2,85.0,352.0,16.0,414.0
piece2_150.jpg,1,piece2,115.0,296.0,0.0,412.0
piece2_52.jpg,1,piece2,16.0,392.0,82.0,373.0
piece2_46.jpg,1,piece2,60.0,371.0,44.0,306.0
piece2_144.jpg,1,piece2,66.0,370.0,6.0,415.0
piece2_47.jpg,1,piece2,89.0,297.0,49.0,415.0
piece2_145.jpg,1,piece2,122.0,333.0,70.0,366.0
piece2_151.jpg,1,piece2,117.0,295.0,12.0,415.0
piece2_53.jpg,1,piece2,53.0,344.0,86.0,317.0
piece2_179.jpg,1,piece2,114.0,333.0,18.0,410.0
piece2_84.jpg,1,piece2,1.0,255.0,50.0,268.0
piece2_192.jpg,1,piece2,67.0,345.0,64.0,318.0
piece2_90.jpg,1,piece2,128.0,377.0,101.0,305.0
seat_182.jpg,1,seat,25.0,377.0,32.0,391.0
seat_196.jpg,1,seat,90.0,321.0,85.0,407.0
seat_169.jpg,1,seat,86.0,395.0,96.0,415.0
seat_141.jpg,1,seat,1.0,321.0,33.0,415.0
seat_155.jpg,1,seat,0.0,415.0,21.0,311.0
piece2_233.jpg,1,piece2,131.0,296.0,45.0,342.0
seat_13.jpg,1,seat,52.0,384.0,49.0,368.0
piece2_227.jpg,1,piece2,64.0,366.0,117.0,337.0
seat_4.jpg,1,seat,67.0,386.0,41.0,295.0
seat_237.jpg,1,seat,66.0,318.0,3.0,413.0
seat_223.jpg,1,seat,37.0,338.0,3.0,411.0
seat_227.jpg,1,seat,37.0,415.0,101.0,390.0
seat_233.jpg,1,seat,57.0,331.0,69.0,244.0
piece2_223.jpg,1,piece2,64.0,358.0,50.0,329.0
seat_17.jpg,1,seat,44.0,310.0,3.0,406.0
piece2_237.jpg,1,piece2,76.0,357.0,0.0,367.0
seat_179.jpg,1,seat,120.0,317.0,14.0,414.0
seat_151.jpg,1,seat,0.0,340.0,31.0,414.0
seat_145.jpg,1,seat,98.0,415.0,13.0,414.0
seat_192.jpg,1,seat,85.0,342.0,36.0,319.0
seat_186.jpg,1,seat,111.0,359.0,63.0,380.0
piece2_94.jpg,1,piece2,62.0,312.0,138.0,296.0
piece2_196.jpg,1,piece2,56.0,378.0,69.0,377.0
piece2_182.jpg,1,piece2,54.0,282.0,1.0,414.0
piece2_80.jpg,1,piece2,40.0,350.0,130.0,369.0
piece2_57.jpg,1,piece2,10.0,415.0,29.0,321.0
piece2_155.jpg,1,piece2,122.0,394.0,1.0,411.0
piece2_141.jpg,1,piece2,53.0,302.0,28.0,410.0
piece2_43.jpg,1,piece2,18.0,414.0,49.0,405.0
piece2_169.jpg,1,piece2,120.0,269.0,0.0,415.0
piece2_168.jpg,1,piece2,87.0,341.0,7.0,379.0
piece2_140.jpg,1,piece2,42.0,340.0,0.0,415.0
piece2_42.jpg,1,piece2,110.0,301.0,18.0,359.0
piece2_56.jpg,1,piece2,10.0,401.0,96.0,330.0
piece2_154.jpg,1,piece2,67.0,401.0,5.0,396.0
piece2_183.jpg,1,piece2,80.0,285.0,15.0,414.0
piece2_81.jpg,1,piece2,72.0,347.0,113.0,358.0
piece2_95.jpg,1,piece2,129.0,337.0,69.0,276.0
piece2_197.jpg,1,piece2,63.0,393.0,49.0,401.0
seat_187.jpg,1,seat,107.0,353.0,54.0,395.0
seat_193.jpg,1,seat,69.0,342.0,53.0,365.0
seat_144.jpg,1,seat,146.0,414.0,170.0,338.0
seat_150.jpg,1,seat,1.0,361.0,144.0,338.0
seat_178.jpg,1,seat,108.0,302.0,24.0,403.0
seat_16.jpg,1,seat,45.0,390.0,20.0,376.0
piece2_236.jpg,1,piece2,42.0,357.0,54.0,371.0
piece2_222.jpg,1,piece2,42.0,307.0,16.0,324.0
seat_1.jpg,1,seat,38.0,334.0,20.0,398.0
seat_232.jpg,1,seat,75.0,357.0,55.0,329.0
seat_226.jpg,1,seat,41.0,400.0,100.0,337.0
seat_218.jpg,1,seat,63.0,371.0,5.0,387.0
seat_230.jpg,1,seat,65.0,377.0,58.0,307.0
seat_224.jpg,1,seat,44.0,319.0,1.0,412.0
seat_3.jpg,1,seat,48.0,352.0,54.0,305.0
piece2_234.jpg,1,piece2,131.0,278.0,58.0,354.0
seat_14.jpg,1,seat,73.0,358.0,84.0,323.0
piece2_220.jpg,1,piece2,41.0,389.0,43.0,353.0
piece2_208.jpg,1,piece2,43.0,393.0,38.0,382.0
seat_28.jpg,1,seat,24.0,370.0,15.0,350.0
seat_146.jpg,1,seat,1.0,369.0,88.0,414.0
seat_152.jpg,1,seat,83.0,414.0,8.0,415.0
seat_185.jpg,1,seat,73.0,357.0,28.0,374.0
seat_191.jpg,1,seat,102.0,349.0,41.0,359.0
piece2_83.jpg,1,piece2,1.0,275.0,75.0,354.0
piece2_181.jpg,1,piece2,52.0,320.0,1.0,347.0
piece2_195.jpg,1,piece2,75.0,377.0,97.0,365.0
piece2_97.jpg,1,piece2,0.0,361.0,45.0,378.0
piece2_40.jpg,1,piece2,25.0,406.0,48.0,399.0
piece2_142.jpg,1,piece2,79.0,379.0,65.0,350.0
piece2_156.jpg,1,piece2,132.0,362.0,5.0,410.0
piece2_54.jpg,1,piece2,8.0,331.0,53.0,331.0
piece2_68.jpg,1,piece2,69.0,357.0,41.0,395.0
piece2_69.jpg,1,piece2,52.0,324.0,106.0,352.0
piece2_157.jpg,1,piece2,114.0,399.0,16.0,345.0
piece2_55.jpg,1,piece2,129.0,309.0,32.0,410.0
piece2_41.jpg,1,piece2,22.0,352.0,22.0,406.0
piece2_143.jpg,1,piece2,83.0,304.0,1.0,392.0
piece2_194.jpg,1,piece2,66.0,391.0,66.0,361.0
piece2_96.jpg,1,piece2,40.0,393.0,111.0,307.0
piece2_82.jpg,1,piece2,38.0,346.0,128.0,371.0
piece2_180.jpg,1,piece2,70.0,367.0,85.0,335.0
seat_190.jpg,1,seat,87.0,350.0,27.0,349.0
seat_184.jpg,1,seat,75.0,368.0,46.0,403.0
seat_153.jpg,1,seat,0.0,414.0,0.0,376.0
seat_147.jpg,1,seat,1.0,367.0,1.0,297.0
piece2_209.jpg,1,piece2,55.0,368.0,45.0,414.0
seat_29.jpg,1,seat,21.0,404.0,17.0,368.0
piece2_221.jpg,1,piece2,146.0,332.0,34.0,347.0
piece2_235.jpg,1,piece2,120.0,369.0,9.0,405.0
seat_15.jpg,1,seat,57.0,362.0,2.0,414.0
seat_2.jpg,1,seat,43.0,340.0,4.0,404.0
seat_225.jpg,1,seat,34.0,387.0,35.0,371.0
seat_231.jpg,1,seat,83.0,377.0,25.0,317.0
seat_219.jpg,1,seat,65.0,344.0,11.0,396.0
